{
	"info": {
		"_postman_id": "831059ec-0997-4c06-af7f-fb74effeebe9",
		"name": "sarvatirtamayi",
		"schema": "https://schema.getpostman.com/json/collection/v2.1.0/collection.json",
		"_exporter_id": "36298296"
	},
	"item": [
		{
			"name": "temples",
			"request": {
				"auth": {
					"type": "bearer",
					"bearer": [
						{
							"key": "token",
							"value": "eyJ0eXAiOiJKV1QiLCJhbGciOiJIUzI1NiJ9.eyJ1c2VyX2lkIjoxLCJ1c2VybmFtZSI6InNhcnZhdGlydGhhbWF5aUBtYWlsaW5hdG9yLmNvbSIsImV4cCI6NDg5MzMyNDQyMywiZW1haWwiOiJzYXJ2YXRpcnRoYW1heWlAbWFpbGluYXRvci5jb20ifQ.y-IM2sin3OWbhYzrBH8P7xhpyguEtYjljnR7yQzZkKU",
							"type": "string"
						}
					]
				},
				"method": "GET",
				"header": [
					{
						"key": "Accept",
						"value": "application/json",
						"type": "text"
					}
				],
				"url": {
					"raw": "http://localhost:8000/api/temples/",
					"protocol": "http",
					"host": [
						"localhost"
					],
					"port": "8000",
					"path": [
						"api",
						"temples",
						""
					]
				}
			},
			"response": []
		},
		{
			"name": "home_page",
			"protocolProfileBehavior": {
				"disableBodyPruning": true
			},
			"request": {
				"auth": {
					"type": "bearer",
					"bearer": [
						{
							"key": "token",
							"value": "eyJ0eXAiOiJKV1QiLCJhbGciOiJIUzI1NiJ9.eyJ1c2VyX2lkIjoxLCJ1c2VybmFtZSI6InNhcnZhdGlydGhhbWF5aUBtYWlsaW5hdG9yLmNvbSIsImV4cCI6NDg5MzMyNDQyMywiZW1haWwiOiJzYXJ2YXRpcnRoYW1heWlAbWFpbGluYXRvci5jb20ifQ.y-IM2sin3OWbhYzrBH8P7xhpyguEtYjljnR7yQzZkKU",
							"type": "string"
						}
					]
				},
				"method": "GET",
				"header": [
					{
						"key": "Accept",
						"value": "application/json",
						"type": "text"
					}
				],
				"body": {
					"mode": "raw",
					"raw": "",
					"options": {
						"raw": {
							"language": "json"
						}
					}
				},
				"url": {
					"raw": "http://localhost:8000/api/home_page/",
					"protocol": "http",
					"host": [
						"localhost"
					],
					"port": "8000",
					"path": [
						"api",
						"home_page",
						""
					]
				}
			},
			"response": []
		},
		{
			"name": "register",
			"protocolProfileBehavior": {
				"disabledSystemHeaders": {}
			},
			"request": {
				"auth": {
					"type": "bearer",
					"bearer": [
						{
							"key": "token",
							"value": "eyJ0eXAiOiJKV1QiLCJhbGciOiJIUzI1NiJ9.eyJ1c2VyX2lkIjoxLCJ1c2VybmFtZSI6InNhcnZhdGlydGhhbWF5aUBtYWlsaW5hdG9yLmNvbSIsImV4cCI6NDg5MzMyNDQyMywiZW1haWwiOiJzYXJ2YXRpcnRoYW1heWlAbWFpbGluYXRvci5jb20ifQ.y-IM2sin3OWbhYzrBH8P7xhpyguEtYjljnR7yQzZkKU",
							"type": "string"
						}
					]
				},
				"method": "POST",
				"header": [
					{
						"key": "Accept",
						"value": "application/json",
						"type": "text"
					},
					{
						"key": "Content-Type",
						"value": "application/json",
						"type": "text"
					}
				],
				"body": {
					"mode": "raw",
					"raw": "{\r\n  \"name\":\"nanthini00024\",\r\n  \"email\":\"nanthini00024@mailinator.com\",\r\n  \"mobile\": \"8989898984\",\r\n  \"password\": \"aA234567\",\r\n  \"city\":\"chennai\"\r\n}"
				},
				"url": {
					"raw": "http://localhost:8000/api/registration/",
					"protocol": "http",
					"host": [
						"localhost"
					],
					"port": "8000",
					"path": [
						"api",
						"registration",
						""
					]
				}
			},
			"response": []
		},
		{
			"name": "verify-otp",
			"request": {
				"auth": {
					"type": "bearer",
					"bearer": [
						{
							"key": "token",
							"value": "eyJ0eXAiOiJKV1QiLCJhbGciOiJIUzI1NiJ9.eyJ1c2VyX2lkIjoxLCJ1c2VybmFtZSI6InNhcnZhdGlydGhhbWF5aUBtYWlsaW5hdG9yLmNvbSIsImV4cCI6NDg5MzMyNDQyMywiZW1haWwiOiJzYXJ2YXRpcnRoYW1heWlAbWFpbGluYXRvci5jb20ifQ.y-IM2sin3OWbhYzrBH8P7xhpyguEtYjljnR7yQzZkKU",
							"type": "string"
						}
					]
				},
				"method": "POST",
				"header": [],
				"body": {
					"mode": "formdata",
					"formdata": [
						{
							"key": "mobile",
							"value": "6384770034",
							"type": "text"
						},
						{
							"key": "otp",
							"value": "1234",
							"type": "text"
						}
					]
				},
				"url": {
					"raw": "http://localhost:8000/api/verify-otp/",
					"protocol": "http",
					"host": [
						"localhost"
					],
					"port": "8000",
					"path": [
						"api",
						"verify-otp",
						""
					]
				}
			},
			"response": []
		},
		{
			"name": "verify-otp-forget-password",
			"request": {
				"auth": {
					"type": "bearer",
					"bearer": [
						{
							"key": "token",
							"value": "eyJ0eXAiOiJKV1QiLCJhbGciOiJIUzI1NiJ9.eyJ1c2VyX2lkIjoxLCJ1c2VybmFtZSI6InNhcnZhdGlydGhhbWF5aUBtYWlsaW5hdG9yLmNvbSIsImV4cCI6NDg5MzMyNDQyMywiZW1haWwiOiJzYXJ2YXRpcnRoYW1heWlAbWFpbGluYXRvci5jb20ifQ.y-IM2sin3OWbhYzrBH8P7xhpyguEtYjljnR7yQzZkKU",
							"type": "string"
						}
					]
				},
				"method": "POST",
				"header": [
					{
						"key": "Accept",
						"value": "application/json",
						"type": "text"
					}
				],
				"body": {
					"mode": "formdata",
					"formdata": [
						{
							"key": "name",
							"value": "Nanthini",
							"type": "text"
						},
						{
							"key": "mobile",
							"value": "6384770034",
							"type": "text"
						},
						{
							"key": "email",
							"value": "nan@mailinator.com",
							"type": "text"
						},
						{
							"key": "city",
							"value": "chennai",
							"type": "text"
						}
					]
				},
				"url": {
					"raw": "http://localhost:8000/api/register/",
					"protocol": "http",
					"host": [
						"localhost"
					],
					"port": "8000",
					"path": [
						"api",
						"register",
						""
					]
				}
			},
			"response": []
		},
		{
			"name": "subscribe-member",
			"request": {
				"auth": {
					"type": "bearer",
					"bearer": [
						{
							"key": "token",
							"value": "eyJ0eXAiOiJKV1QiLCJhbGciOiJIUzI1NiJ9.eyJ1c2VyX2lkIjoxLCJ1c2VybmFtZSI6InNhcnZhdGlydGhhbWF5aUBtYWlsaW5hdG9yLmNvbSIsImV4cCI6NDg5MzMyNDQyMywiZW1haWwiOiJzYXJ2YXRpcnRoYW1heWlAbWFpbGluYXRvci5jb20ifQ.y-IM2sin3OWbhYzrBH8P7xhpyguEtYjljnR7yQzZkKU",
							"type": "string"
						}
					]
				},
				"method": "POST",
				"header": [
					{
						"key": "Accept",
						"value": "application/json",
						"type": "text"
					},
					{
						"key": "Content-Type",
						"value": "application/json",
						"type": "text"
					}
				],
				"body": {
					"mode": "raw",
					"raw": "{\r\n  \"name\": \"Nanthini\",\r\n  \"phone\": \"6384770034\",\r\n  \"email\":\"nanthinivino2026@mailinator.com\",\r\n  \"joined_date\": \"2025-03-06\",\r\n  \"club\":\"2\",\r\n  \"status\":\"pending\"\r\n}"
				},
				"url": {
					"raw": "http://localhost:8000/api/subscribe-member/",
					"protocol": "http",
					"host": [
						"localhost"
					],
					"port": "8000",
					"path": [
						"api",
						"subscribe-member",
						""
					]
				}
			},
			"response": []
		},
		{
			"name": "login",
			"request": {
				"auth": {
					"type": "bearer",
					"bearer": [
						{
							"key": "token",
							"value": "eyJ0eXAiOiJKV1QiLCJhbGciOiJIUzI1NiJ9.eyJ1c2VyX2lkIjoxLCJ1c2VybmFtZSI6InNhcnZhdGlydGhhbWF5aUBtYWlsaW5hdG9yLmNvbSIsImV4cCI6NDg5MzMyNDQyMywiZW1haWwiOiJzYXJ2YXRpcnRoYW1heWlAbWFpbGluYXRvci5jb20ifQ.y-IM2sin3OWbhYzrBH8P7xhpyguEtYjljnR7yQzZkKU",
							"type": "string"
						}
					]
				},
				"method": "POST",
				"header": [
					{
						"key": "Accept",
						"value": "application/json",
						"type": "text"
					},
					{
						"key": "Content-Type",
						"value": "application/json",
						"type": "text"
					}
				],
				"body": {
					"mode": "raw",
					"raw": "{\r\n  \"mobile_number\": \"7777777777\",\r\n  \"password\":\"123456\"\r\n}"
				},
				"url": {
					"raw": "http://localhost:8000/api/login/",
					"protocol": "http",
					"host": [
						"localhost"
					],
					"port": "8000",
					"path": [
						"api",
						"login",
						""
					]
				}
			},
			"response": []
		},
		{
			"name": "trips",
			"request": {
				"auth": {
					"type": "bearer",
					"bearer": [
						{
							"key": "token",
							"value": "eyJ0eXAiOiJKV1QiLCJhbGciOiJIUzI1NiJ9.eyJ1c2VyX2lkIjoxLCJ1c2VybmFtZSI6InNhcnZhdGlydGhhbWF5aUBtYWlsaW5hdG9yLmNvbSIsImV4cCI6NDg5MzMyNDQyMywiZW1haWwiOiJzYXJ2YXRpcnRoYW1heWlAbWFpbGluYXRvci5jb20ifQ.y-IM2sin3OWbhYzrBH8P7xhpyguEtYjljnR7yQzZkKU",
							"type": "string"
						}
					]
				},
				"method": "GET",
				"header": [
					{
						"key": "Accept",
						"value": "application/json",
						"type": "text"
					}
				],
				"url": {
					"raw": "http://localhost:8000/api/trips/",
					"protocol": "http",
					"host": [
						"localhost"
					],
					"port": "8000",
					"path": [
						"api",
						"trips",
						""
					]
				}
			},
			"response": []
		},
		{
			"name": "rituals",
			"request": {
				"auth": {
					"type": "bearer",
					"bearer": [
						{
							"key": "token",
							"value": "eyJ0eXAiOiJKV1QiLCJhbGciOiJIUzI1NiJ9.eyJ1c2VyX2lkIjoxLCJ1c2VybmFtZSI6InNhcnZhdGlydGhhbWF5aUBtYWlsaW5hdG9yLmNvbSIsImV4cCI6NDg5MzMyNDQyMywiZW1haWwiOiJzYXJ2YXRpcnRoYW1heWlAbWFpbGluYXRvci5jb20ifQ.y-IM2sin3OWbhYzrBH8P7xhpyguEtYjljnR7yQzZkKU",
							"type": "string"
						}
					]
				},
				"method": "GET",
				"header": [
					{
						"key": "Accept",
						"value": "application/json",
						"type": "text"
					}
				],
				"url": {
					"raw": "http://localhost:8000/api/rituals/",
					"protocol": "http",
					"host": [
						"localhost"
					],
					"port": "8000",
					"path": [
						"api",
						"rituals",
						""
					]
				}
			},
			"response": []
		},
		{
			"name": "temple_rituals",
			"request": {
				"auth": {
					"type": "bearer",
					"bearer": [
						{
							"key": "token",
							"value": "eyJ0eXAiOiJKV1QiLCJhbGciOiJIUzI1NiJ9.eyJ1c2VyX2lkIjoxLCJ1c2VybmFtZSI6InNhcnZhdGlydGhhbWF5aUBtYWlsaW5hdG9yLmNvbSIsImV4cCI6NDg5MzMyNDQyMywiZW1haWwiOiJzYXJ2YXRpcnRoYW1heWlAbWFpbGluYXRvci5jb20ifQ.y-IM2sin3OWbhYzrBH8P7xhpyguEtYjljnR7yQzZkKU",
							"type": "string"
						}
					]
				},
				"method": "GET",
				"header": [
					{
						"key": "Accept",
						"value": "application/json",
						"type": "text"
					}
				],
				"url": {
					"raw": "http://localhost:8000/api/trips/",
					"protocol": "http",
					"host": [
						"localhost"
					],
					"port": "8000",
					"path": [
						"api",
						"trips",
						""
					]
				}
			},
			"response": []
		},
		{
			"name": "clubs",
			"request": {
				"auth": {
					"type": "bearer",
					"bearer": [
						{
							"key": "token",
							"value": "eyJ0eXAiOiJKV1QiLCJhbGciOiJIUzI1NiJ9.eyJ1c2VyX2lkIjoxLCJ1c2VybmFtZSI6InNhcnZhdGlydGhhbWF5aUBtYWlsaW5hdG9yLmNvbSIsImV4cCI6NDg5MzMyNDQyMywiZW1haWwiOiJzYXJ2YXRpcnRoYW1heWlAbWFpbGluYXRvci5jb20ifQ.y-IM2sin3OWbhYzrBH8P7xhpyguEtYjljnR7yQzZkKU",
							"type": "string"
						}
					]
				},
				"method": "GET",
				"header": [
					{
						"key": "Accept",
						"value": "application/json",
						"type": "text"
					}
				],
				"url": {
					"raw": "http://localhost:8000/api/trips/",
					"protocol": "http",
					"host": [
						"localhost"
					],
					"port": "8000",
					"path": [
						"api",
						"trips",
						""
					]
				}
			},
			"response": []
		},
		{
			"name": "temple_detail",
			"protocolProfileBehavior": {
				"disableBodyPruning": true
			},
			"request": {
				"auth": {
					"type": "bearer",
					"bearer": [
						{
							"key": "token",
							"value": "eyJ0eXAiOiJKV1QiLCJhbGciOiJIUzI1NiJ9.eyJ1c2VyX2lkIjoxLCJ1c2VybmFtZSI6InNhcnZhdGlydGhhbWF5aUBtYWlsaW5hdG9yLmNvbSIsImV4cCI6NDg5MzMyNDQyMywiZW1haWwiOiJzYXJ2YXRpcnRoYW1heWlAbWFpbGluYXRvci5jb20ifQ.y-IM2sin3OWbhYzrBH8P7xhpyguEtYjljnR7yQzZkKU",
							"type": "string"
						}
					]
				},
				"method": "GET",
				"header": [],
				"body": {
					"mode": "formdata",
					"formdata": [
						{
							"key": "treatment_id",
							"value": "1",
							"type": "text"
						}
					]
				},
				"url": {
					"raw": "http://localhost:8000/api/temple-detail?temple_id=1",
					"protocol": "http",
					"host": [
						"localhost"
					],
					"port": "8000",
					"path": [
						"api",
						"temple-detail"
					],
					"query": [
						{
							"key": "temple_id",
							"value": "1"
						}
					]
				}
			},
			"response": []
		},
		{
			"name": "club_detail",
			"protocolProfileBehavior": {
				"disableBodyPruning": true
			},
			"request": {
				"auth": {
					"type": "bearer",
					"bearer": [
						{
							"key": "token",
							"value": "eyJ0eXAiOiJKV1QiLCJhbGciOiJIUzI1NiJ9.eyJ1c2VyX2lkIjoxLCJ1c2VybmFtZSI6InNhcnZhdGlydGhhbWF5aUBtYWlsaW5hdG9yLmNvbSIsImV4cCI6NDg5MzMyNDQyMywiZW1haWwiOiJzYXJ2YXRpcnRoYW1heWlAbWFpbGluYXRvci5jb20ifQ.y-IM2sin3OWbhYzrBH8P7xhpyguEtYjljnR7yQzZkKU",
							"type": "string"
						}
					]
				},
				"method": "GET",
				"header": [],
				"body": {
					"mode": "formdata",
					"formdata": [
						{
							"key": "treatment_id",
							"value": "1",
							"type": "text"
						}
					]
				},
				"url": {
					"raw": "http://localhost:8000/api/temple-detail?temple_id=1",
					"protocol": "http",
					"host": [
						"localhost"
					],
					"port": "8000",
					"path": [
						"api",
						"temple-detail"
					],
					"query": [
						{
							"key": "temple_id",
							"value": "1"
						}
					]
				}
			},
			"response": []
		},
		{
			"name": "trip_detail",
			"protocolProfileBehavior": {
				"disableBodyPruning": true
			},
			"request": {
				"auth": {
					"type": "bearer",
					"bearer": [
						{
							"key": "token",
							"value": "eyJ0eXAiOiJKV1QiLCJhbGciOiJIUzI1NiJ9.eyJ1c2VyX2lkIjoxLCJ1c2VybmFtZSI6InNhcnZhdGlydGhhbWF5aUBtYWlsaW5hdG9yLmNvbSIsImV4cCI6NDg5MzMyNDQyMywiZW1haWwiOiJzYXJ2YXRpcnRoYW1heWlAbWFpbGluYXRvci5jb20ifQ.y-IM2sin3OWbhYzrBH8P7xhpyguEtYjljnR7yQzZkKU",
							"type": "string"
						}
					]
				},
				"method": "GET",
				"header": [],
				"body": {
					"mode": "formdata",
					"formdata": [
						{
							"key": "treatment_id",
							"value": "1",
							"type": "text"
						}
					]
				},
				"url": {
					"raw": "http://localhost:8000/api/trip-detail?trip_id=1",
					"protocol": "http",
					"host": [
						"localhost"
					],
					"port": "8000",
					"path": [
						"api",
						"trip-detail"
					],
					"query": [
						{
							"key": "trip_id",
							"value": "1"
						}
					]
				}
			},
			"response": []
		},
		{
			"name": "booking",
			"request": {
				"auth": {
					"type": "bearer",
					"bearer": [
						{
							"key": "token",
							"value": "eyJ0eXAiOiJKV1QiLCJhbGciOiJIUzI1NiJ9.eyJ1c2VyX2lkIjoxLCJ1c2VybmFtZSI6InNhcnZhdGlydGhhbWF5aUBtYWlsaW5hdG9yLmNvbSIsImV4cCI6NDg5MzMyNDQyMywiZW1haWwiOiJzYXJ2YXRpcnRoYW1heWlAbWFpbGluYXRvci5jb20ifQ.y-IM2sin3OWbhYzrBH8P7xhpyguEtYjljnR7yQzZkKU",
							"type": "string"
						}
					]
				},
				"method": "POST",
				"header": [
					{
						"key": "Content-Type",
						"value": "application/json",
						"type": "text"
					}
				],
				"body": {
					"mode": "raw",
					"raw": "{\r\n  \"name\": \"Nanthini\",\r\n  \"mobile\": \"916384770034\",\r\n  \"email\":\"nanthinivinothkumar0227@gmail.com\",\r\n  \"start_date\": \"2024-02-01\",\r\n  \"no_of_days\":\"1\",\r\n  \"no_of_devotees\":\"1\",\r\n  \"type_of_trip\":\"Pilgrimage\",\r\n  \"trip_id\":\"1\",\r\n  \"trip_title\":\"Guruvayoor\"\r\n}",
					"options": {
						"raw": {
							"language": "json"
						}
					}
				},
				"url": {
					"raw": "http://localhost:8000/api/booking/",
					"protocol": "http",
					"host": [
						"localhost"
					],
					"port": "8000",
					"path": [
						"api",
						"booking",
						""
					]
				}
			},
			"response": []
		},
		{
			"name": "booking Copy",
			"request": {
				"auth": {
					"type": "bearer",
					"bearer": [
						{
							"key": "token",
							"value": "eyJ0eXAiOiJKV1QiLCJhbGciOiJIUzI1NiJ9.eyJ1c2VyX2lkIjoxLCJ1c2VybmFtZSI6InNhcnZhdGlydGhhbWF5aUBtYWlsaW5hdG9yLmNvbSIsImV4cCI6NDg5MzMyNDQyMywiZW1haWwiOiJzYXJ2YXRpcnRoYW1heWlAbWFpbGluYXRvci5jb20ifQ.y-IM2sin3OWbhYzrBH8P7xhpyguEtYjljnR7yQzZkKU",
							"type": "string"
						}
					]
				},
				"method": "POST",
				"header": [
					{
						"key": "Content-Type",
						"value": "application/json",
						"type": "text"
					}
				],
				"body": {
					"mode": "raw",
					"raw": "{\r\n  \"name\": \"Nanthini\",\r\n  \"mobile\": \"916384770034\",\r\n  \"email\":\"nanthinivinothkumar0227@gmail.com\",\r\n  \"start_date\": \"2024-02-01\",\r\n  \"no_of_days\":\"1\",\r\n  \"no_of_devotees\":\"1\",\r\n  \"type_of_trip\":\"Pilgrimage\",\r\n  \"trip_id\":\"1\",\r\n  \"trip_title\":\"Guruvayoor\"\r\n}",
					"options": {
						"raw": {
							"language": "json"
						}
					}
				},
				"url": {
					"raw": "http://localhost:8000/api/booking/",
					"protocol": "http",
					"host": [
						"localhost"
					],
					"port": "8000",
					"path": [
						"api",
						"booking",
						""
					]
				}
			},
			"response": []
		},
		{
			"name": "token_generation",
			"request": {
				"auth": {
					"type": "bearer",
					"bearer": [
						{
							"key": "token",
							"value": "eyJ0eXAiOiJKV1QiLCJhbGciOiJIUzI1NiJ9.eyJ1c2VyX2lkIjoxLCJ1c2VybmFtZSI6Im5hbnRoaW5pdmlub3Roa3VtYXIwMjI3QGdtYWlsLmNvbSIsImV4cCI6MTczODQwODE2NywiZW1haWwiOiJuYW50aGluaXZpbm90aGt1bWFyMDIyN0BnbWFpbC5jb20ifQ.YswDJ1YuIEpLIPzx0iatRYKt-J8dkHrqW5UkDBlBXqI",
							"type": "string"
						}
					]
				},
				"method": "POST",
				"header": [
					{
						"key": "Content-Type",
						"value": "application/json",
						"type": "text"
					}
				],
				"body": {
					"mode": "raw",
					"raw": "{\r\n    \"username\": \"sarvatirthamayi@mailinator.com\",\r\n    \"password\": \"123456\"\r\n}",
					"options": {
						"raw": {
							"language": "json"
						}
					}
				},
				"url": {
					"raw": "http://127.0.0.1:8000/api/token/",
					"protocol": "http",
					"host": [
						"127",
						"0",
						"0",
						"1"
					],
					"port": "8000",
					"path": [
						"api",
						"token",
						""
					]
				}
			},
			"response": []
		},
		{
			"name": "protecteed_view",
			"request": {
				"auth": {
					"type": "bearer",
					"bearer": [
						{
							"key": "token",
							"value": "eyJ0eXAiOiJKV1QiLCJhbGciOiJIUzI1NiJ9.eyJ1c2VyX2lkIjoxLCJ1c2VybmFtZSI6Im5hbnRoaW5pdmlub3Roa3VtYXIwMjI3QGdtYWlsLmNvbSIsImV4cCI6MTczODQwODg1MiwiZW1haWwiOiJuYW50aGluaXZpbm90aGt1bWFyMDIyN0BnbWFpbC5jb20ifQ.rJRErUVt0BRTSTdNeuVf1265K4G1f26xx5eiL4AVsaI",
							"type": "string"
						}
					]
				},
				"method": "GET",
				"header": [
					{
						"key": "Authorization",
						"value": "Bearer eyJ0eXAiOiJKV1QiLCJhbGciOiJIUzI1NiJ9.eyJ1c2VyX2lkIjoxLCJ1c2VybmFtZSI6Im5hbnRoaW5pdmlub3Roa3VtYXIwMjI3QGdtYWlsLmNvbSIsImV4cCI6MTczODQwODE2NywiZW1haWwiOiJuYW50aGluaXZpbm90aGt1bWFyMDIyN0BnbWFpbC5jb20ifQ.YswDJ1YuIEpLIPzx0iatRYKt-J8dkHrqW5UkDBl",
						"type": "text",
						"disabled": true
					}
				],
				"url": {
					"raw": "http://127.0.0.1:8000/api/protected_view/",
					"protocol": "http",
					"host": [
						"127",
						"0",
						"0",
						"1"
					],
					"port": "8000",
					"path": [
						"api",
						"protected_view",
						""
					]
				}
			},
			"response": []
		}
	],
	"auth": {
		"type": "bearer",
		"bearer": [
			{
				"key": "token",
				"value": "eyJ0eXAiOiJKV1QiLCJhbGciOiJIUzI1NiJ9.eyJ1c2VyX2lkIjoxLCJ1c2VybmFtZSI6Im5hbnRoaW5pdmlub3Roa3VtYXIwMjI3QGdtYWlsLmNvbSIsImV4cCI6MTczODQwODg1MiwiZW1haWwiOiJuYW50aGluaXZpbm90aGt1bWFyMDIyN0BnbWFpbC5jb20ifQ.rJRErUVt0BRTSTdNeuVf1265K4G1f26xx5eiL4AVsaI",
				"type": "string"
			}
		]
	},
	"event": [
		{
			"listen": "prerequest",
			"script": {
				"type": "text/javascript",
				"packages": {},
				"exec": [
					""
				]
			}
		},
		{
			"listen": "test",
			"script": {
				"type": "text/javascript",
				"packages": {},
				"exec": [
					""
				]
			}
		}
	]
}